<?xml version="1.0" encoding="UTF-8"?>
<LightningComponentBundle xmlns="http://soap.sforce.com/2006/04/metadata">
    <apiVersion>59.0</apiVersion>
    <isExposed>true</isExposed>
    <targets>
        <target>lightningCommunity__Page</target>
        <target>lightningCommunity__Default</target>
    </targets>

    <targetConfigs>
        <targetConfig targets="lightningCommunity__Default">
          <property
            name="result_page_link"
            type="String"
            label="Search Link"
            description="Automatically redirect on to the search page"
            default="/nitds1/global-search/"
          />
          </targetConfig>
    </targetConfigs>
</LightningComponentBundle>