<?xml version="1.0" encoding="UTF-8"?>
<LightningComponentBundle xmlns="http://soap.sforce.com/2006/04/metadata">
    <apiVersion>58.0</apiVersion>
    <isExposed>true</isExposed>
    <targets>
        <target>lightningCommunity__Page</target>
        <target>lightningCommunity__Default</target>
    </targets>
    <masterLabel>Helpcentre article category listing</masterLabel>
    <targetConfigs>
        <targetConfig targets="lightningCommunity__Default">
            <property name="tenantLabel" label="Tenant" type="String" default="TENANT"></property>
            <property name="landlordLabel" label="Landlord" type="String" default="LANDLORD"></property>
            <property name="agentLabel" label="Agent" type="String" default="AGENT"></property>
            <property name="custodialLabel" label="Custodial" type="String" default="CUSTODIAL"></property>
            <property name="insuredLabel" label="Insured" type="String" default="INSURED"></property>
        </targetConfig>
    </targetConfigs>
</LightningComponentBundle>